empleado_identificacion,valor_analogico,voltaje,alcohol_ppm,fecha
EMP015,123,0.6,19.55,2025-11-03 20:53:09
EMP025,126,0.62,22.1,2025-11-03 21:25:56
EMP035,292,1.43,163.2,2025-11-03 22:00:31
EMP021,158,0.77,49.3,2025-11-03 22:33:21
EMP063,163,0.8,53.55,2025-11-03 22:56:14
EMP004,136,0.66,30.6,2025-11-03 23:32:04
EMP059,131,0.64,26.35,2025-11-04 00:53:16
EMP059,173,0.85,62.05,2025-11-04 00:56:56
EMP010,173,0.85,62.05,2025-11-04 02:05:56
EMP059,167,0.82,56.95,2025-11-04 04:09:21
EMP068,163,0.8,53.55,2025-11-04 04:12:46
EMP060,162,0.79,52.7,2025-11-04 04:25:44
EMP073,139,0.68,33.15,2025-11-04 04:38:48
EMP024,120,0.59,17.0,2025-11-04 05:19:24
EMP060,180,0.88,68.0,2025-11-04 06:19:43
EMP050,118,0.58,15.3,2025-11-04 07:02:13
EMP001,174,0.85,62.9,2025-11-04 07:12:50
EMP039,243,1.19,121.55,2025-11-04 08:00:22
EMP005,141,0.69,34.85,2025-11-04 08:36:42
EMP004,129,0.63,24.65,2025-11-04 09:20:28
EMP016,168,0.82,57.8,2025-11-04 09:53:58
EMP069,296,1.45,166.6,2025-11-04 10:37:27
EMP023,129,0.63,24.65,2025-11-04 10:42:15
EMP022,151,0.74,43.35,2025-11-04 11:37:19
EMP071,117,0.57,14.45,2025-11-04 11:38:39
EMP027,150,0.73,42.5,2025-11-04 11:43:01
EMP055,216,1.06,98.6,2025-11-04 11:48:44
EMP045,103,0.5,2.55,2025-11-04 13:34:23
EMP001,104,0.51,3.4,2025-11-04 13:59:42
EMP024,124,0.61,20.4,2025-11-04 15:43:03
EMP035,149,0.73,41.65,2025-11-04 16:10:12
EMP039,154,0.75,45.9,2025-11-04 17:33:52
EMP007,158,0.77,49.3,2025-11-04 18:13:06
EMP034,142,0.69,35.7,2025-11-04 18:54:08
EMP021,100,0.49,0.0,2025-11-04 20:59:19
EMP036,146,0.71,39.1,2025-11-04 21:59:11
EMP004,172,0.84,61.2,2025-11-04 22:29:03
EMP036,110,0.54,8.5,2025-11-04 22:51:15
EMP062,104,0.51,3.4,2025-11-04 23:14:42
EMP017,206,1.01,90.1,2025-11-04 23:24:08
EMP037,138,0.67,32.3,2025-11-05 00:30:54
EMP041,169,0.83,58.65,2025-11-05 00:33:58
EMP074,110,0.54,8.5,2025-11-05 00:40:59
EMP007,126,0.62,22.1,2025-11-05 00:51:23
EMP053,164,0.8,54.4,2025-11-05 00:59:34
EMP005,106,0.52,5.1,2025-11-05 02:08:28
EMP019,149,0.73,41.65,2025-11-05 04:13:24
EMP005,109,0.53,7.65,2025-11-05 04:18:37
EMP069,103,0.5,2.55,2025-11-05 05:26:35
EMP014,100,0.49,0.0,2025-11-05 07:15:57
EMP027,135,0.66,29.75,2025-11-05 08:09:17
EMP075,147,0.72,39.95,2025-11-05 09:20:08
EMP029,120,0.59,17.0,2025-11-05 09:53:26
EMP013,152,0.74,44.2,2025-11-05 10:20:54
EMP007,139,0.68,33.15,2025-11-05 10:21:49
EMP012,144,0.7,37.4,2025-11-05 10:25:19
EMP033,157,0.77,48.45,2025-11-05 12:01:34
EMP013,178,0.87,66.3,2025-11-05 13:34:39
EMP025,130,0.64,25.5,2025-11-05 13:36:48
EMP053,123,0.6,19.55,2025-11-05 14:01:35
EMP010,213,1.04,96.05,2025-11-05 14:31:03
EMP070,103,0.5,2.55,2025-11-05 14:43:49
EMP012,145,0.71,38.25,2025-11-05 14:56:29
EMP052,123,0.6,19.55,2025-11-05 15:00:04
EMP010,171,0.84,60.35,2025-11-05 16:26:39
EMP017,136,0.66,30.6,2025-11-05 16:52:13
EMP015,140,0.68,34.0,2025-11-05 17:56:22
EMP070,153,0.75,45.05,2025-11-05 18:26:50
EMP007,178,0.87,66.3,2025-11-05 19:01:56
EMP066,136,0.66,30.6,2025-11-05 20:26:56
EMP037,141,0.69,34.85,2025-11-05 20:31:05
EMP003,114,0.56,11.9,2025-11-06 01:17:35
EMP016,127,0.62,22.95,2025-11-06 01:36:24
EMP051,101,0.49,0.85,2025-11-06 01:40:10
EMP048,164,0.8,54.4,2025-11-06 03:30:05
EMP066,102,0.5,1.7,2025-11-06 04:01:31
EMP064,123,0.6,19.55,2025-11-06 04:42:06
EMP055,134,0.65,28.9,2025-11-06 05:32:12
EMP022,154,0.75,45.9,2025-11-06 06:08:00
EMP007,146,0.71,39.1,2025-11-06 06:29:20
EMP051,107,0.52,5.95,2025-11-06 06:42:42
EMP033,151,0.74,43.35,2025-11-06 06:54:05
EMP046,180,0.88,68.0,2025-11-06 06:58:10
EMP020,160,0.78,51.0,2025-11-06 07:33:30
EMP028,173,0.85,62.05,2025-11-06 07:59:21
EMP053,107,0.52,5.95,2025-11-06 09:06:29
EMP019,233,1.14,113.05,2025-11-06 09:25:44
EMP052,115,0.56,12.75,2025-11-06 09:38:54
EMP058,752,3.68,554.2,2025-11-06 09:54:51
EMP075,109,0.53,7.65,2025-11-06 10:13:00
EMP056,143,0.7,36.55,2025-11-06 10:30:20
EMP027,174,0.85,62.9,2025-11-06 10:39:11
EMP015,145,0.71,38.25,2025-11-06 11:26:03
EMP016,117,0.57,14.45,2025-11-06 11:27:11
EMP067,152,0.74,44.2,2025-11-06 11:40:23
EMP005,106,0.52,5.1,2025-11-06 13:29:56
EMP052,141,0.69,34.85,2025-11-06 13:56:47
EMP002,156,0.76,47.6,2025-11-06 14:34:15
EMP056,215,1.05,97.75,2025-11-06 15:01:19
EMP072,117,0.57,14.45,2025-11-06 15:44:01
EMP061,102,0.5,1.7,2025-11-06 15:47:37
EMP063,112,0.55,10.2,2025-11-06 15:51:34
EMP066,162,0.79,52.7,2025-11-06 16:03:36
EMP009,103,0.5,2.55,2025-11-06 16:26:57
EMP052,168,0.82,57.8,2025-11-06 16:27:04
EMP030,180,0.88,68.0,2025-11-06 17:15:58
EMP052,145,0.71,38.25,2025-11-06 18:10:27
EMP008,131,0.64,26.35,2025-11-06 19:06:12
EMP034,162,0.79,52.7,2025-11-06 19:42:17
EMP003,161,0.79,51.85,2025-11-06 19:43:19
EMP025,174,0.85,62.9,2025-11-06 19:55:09
EMP068,128,0.63,23.8,2025-11-06 21:57:50
EMP001,141,0.69,34.85,2025-11-06 23:53:16
EMP015,136,0.66,30.6,2025-11-07 00:34:29
EMP012,117,0.57,14.45,2025-11-07 02:13:45
EMP066,159,0.78,50.15,2025-11-07 02:34:35
EMP015,152,0.74,44.2,2025-11-07 02:50:57
EMP042,147,0.72,39.95,2025-11-07 04:12:17
EMP054,109,0.53,7.65,2025-11-07 06:05:29
EMP022,161,0.79,51.85,2025-11-07 07:12:03
EMP020,176,0.86,64.6,2025-11-07 08:54:32
EMP003,138,0.67,32.3,2025-11-07 09:24:20
EMP029,138,0.67,32.3,2025-11-07 10:17:55
EMP003,140,0.68,34.0,2025-11-07 10:52:43
EMP060,198,0.97,83.3,2025-11-07 12:51:19
EMP006,147,0.72,39.95,2025-11-07 14:24:50
EMP015,710,3.47,518.5,2025-11-07 15:58:20
EMP044,156,0.76,47.6,2025-11-07 16:18:59
EMP005,126,0.62,22.1,2025-11-07 16:26:16
EMP020,249,1.22,126.65,2025-11-07 17:05:24
EMP048,156,0.76,47.6,2025-11-07 17:08:14
EMP057,128,0.63,23.8,2025-11-07 18:08:59
EMP020,105,0.51,4.25,2025-11-07 18:20:29
EMP022,135,0.66,29.75,2025-11-07 18:30:07
EMP023,176,0.86,64.6,2025-11-07 19:06:27
EMP015,126,0.62,22.1,2025-11-07 19:48:26
EMP048,314,1.53,181.9,2025-11-07 19:48:54
EMP073,123,0.6,19.55,2025-11-07 20:00:09
EMP075,122,0.6,18.7,2025-11-07 20:38:02
EMP064,250,1.22,127.5,2025-11-07 21:30:54
EMP057,118,0.58,15.3,2025-11-07 22:43:06
EMP039,118,0.58,15.3,2025-11-07 23:24:06
EMP030,123,0.6,19.55,2025-11-08 02:41:21
EMP034,149,0.73,41.65,2025-11-08 04:34:29
EMP010,134,0.65,28.9,2025-11-08 04:43:26
EMP065,164,0.8,54.4,2025-11-08 05:12:49
EMP033,112,0.55,10.2,2025-11-08 05:47:32
EMP030,106,0.52,5.1,2025-11-08 06:13:03
EMP033,162,0.79,52.7,2025-11-08 08:12:59
EMP058,177,0.87,65.45,2025-11-08 08:18:41
EMP016,103,0.5,2.55,2025-11-08 08:47:40
EMP032,213,1.04,96.05,2025-11-08 10:47:55
EMP001,248,1.21,125.8,2025-11-08 11:08:56
EMP042,111,0.54,9.35,2025-11-08 11:11:37
EMP014,489,2.39,330.65,2025-11-08 11:24:45
EMP011,120,0.59,17.0,2025-11-08 12:13:13
EMP060,114,0.56,11.9,2025-11-08 12:13:33
EMP034,129,0.63,24.65,2025-11-08 13:15:29
EMP053,159,0.78,50.15,2025-11-08 14:14:38
EMP054,123,0.6,19.55,2025-11-08 14:34:02
EMP024,271,1.32,145.35,2025-11-08 15:47:25
EMP062,150,0.73,42.5,2025-11-08 16:10:15
EMP011,174,0.85,62.9,2025-11-08 16:59:00
EMP011,100,0.49,0.0,2025-11-08 17:21:30
EMP075,488,2.39,329.8,2025-11-08 17:34:29
EMP044,158,0.77,49.3,2025-11-08 18:01:29
EMP062,134,0.65,28.9,2025-11-08 18:30:29
EMP045,171,0.84,60.35,2025-11-08 20:28:08
EMP020,167,0.82,56.95,2025-11-08 21:18:54
EMP066,176,0.86,64.6,2025-11-08 21:50:08
EMP037,289,1.41,160.65,2025-11-08 22:09:49
EMP034,180,0.88,68.0,2025-11-08 23:35:35
EMP018,165,0.81,55.25,2025-11-09 00:20:57
EMP035,176,0.86,64.6,2025-11-09 00:59:57
EMP023,118,0.58,15.3,2025-11-09 02:26:03
EMP047,135,0.66,29.75,2025-11-09 03:18:00
EMP032,109,0.53,7.65,2025-11-09 03:51:02
EMP063,174,0.85,62.9,2025-11-09 05:32:07
EMP070,170,0.83,59.5,2025-11-09 06:23:09
EMP067,127,0.62,22.95,2025-11-09 06:39:45
EMP017,169,0.83,58.65,2025-11-09 06:45:25
EMP064,718,3.51,525.3,2025-11-09 08:23:34
EMP066,130,0.64,25.5,2025-11-09 08:39:50
EMP049,141,0.69,34.85,2025-11-09 08:51:02
EMP008,117,0.57,14.45,2025-11-09 09:16:05
EMP027,120,0.59,17.0,2025-11-09 09:42:43
EMP058,127,0.62,22.95,2025-11-09 10:39:08
EMP005,156,0.76,47.6,2025-11-09 10:39:57
EMP030,182,0.89,69.7,2025-11-09 10:44:02
EMP055,109,0.53,7.65,2025-11-09 10:49:43
EMP023,139,0.68,33.15,2025-11-09 11:13:48
EMP075,214,1.05,96.9,2025-11-09 12:26:55
EMP022,106,0.52,5.1,2025-11-09 14:14:24
EMP001,180,0.88,68.0,2025-11-09 14:26:44
EMP008,145,0.71,38.25,2025-11-09 14:27:31
EMP034,206,1.01,90.1,2025-11-09 14:52:19
EMP008,286,1.4,158.1,2025-11-09 15:10:31
EMP006,157,0.77,48.45,2025-11-09 15:25:49
EMP028,174,0.85,62.9,2025-11-09 16:03:01
EMP026,140,0.68,34.0,2025-11-09 16:13:00
EMP051,169,0.83,58.65,2025-11-09 16:51:06
EMP074,149,0.73,41.65,2025-11-09 19:42:59
EMP006,127,0.62,22.95,2025-11-09 19:44:41
EMP033,110,0.54,8.5,2025-11-09 20:04:31
EMP014,101,0.49,0.85,2025-11-09 20:47:15
EMP006,142,0.69,35.7,2025-11-09 22:29:14
EMP019,134,0.65,28.9,2025-11-09 22:35:24
EMP057,106,0.52,5.1,2025-11-09 22:49:48
EMP041,105,0.51,4.25,2025-11-09 23:03:55
EMP036,168,0.82,57.8,2025-11-09 23:09:20
EMP038,154,0.75,45.9,2025-11-09 23:10:09
EMP046,132,0.65,27.2,2025-11-09 23:38:18
EMP057,198,0.97,83.3,2025-11-10 00:10:17
EMP054,581,2.84,408.85,2025-11-10 00:11:25
EMP062,113,0.55,11.05,2025-11-10 01:26:01
EMP033,120,0.59,17.0,2025-11-10 01:33:46
EMP053,163,0.8,53.55,2025-11-10 01:58:31
EMP060,170,0.83,59.5,2025-11-10 02:52:46
EMP024,147,0.72,39.95,2025-11-10 03:12:06
EMP036,123,0.6,19.55,2025-11-10 03:41:30
EMP054,137,0.67,31.45,2025-11-10 04:05:45
EMP067,108,0.53,6.8,2025-11-10 06:19:43
EMP008,157,0.77,48.45,2025-11-10 07:25:14
EMP013,114,0.56,11.9,2025-11-10 07:47:00
EMP069,147,0.72,39.95,2025-11-10 08:49:55
EMP048,236,1.15,115.6,2025-11-10 11:32:35
EMP001,153,0.75,45.05,2025-11-10 11:36:37
EMP017,286,1.4,158.1,2025-11-10 11:39:09
EMP044,166,0.81,56.1,2025-11-10 11:42:17
EMP023,139,0.68,33.15,2025-11-10 13:30:54
EMP004,140,0.68,34.0,2025-11-10 14:15:15
EMP016,101,0.49,0.85,2025-11-10 14:42:56
EMP032,155,0.76,46.75,2025-11-10 16:29:29
EMP063,150,0.73,42.5,2025-11-10 17:54:34
EMP061,177,0.87,65.45,2025-11-10 18:52:54
EMP033,133,0.65,28.05,2025-11-10 19:32:44
EMP066,157,0.77,48.45,2025-11-10 19:57:17
EMP009,166,0.81,56.1,2025-11-10 21:21:05
EMP073,146,0.71,39.1,2025-11-10 21:56:53
EMP022,178,0.87,66.3,2025-11-10 22:39:42
EMP070,129,0.63,24.65,2025-11-10 23:24:31
EMP069,149,0.73,41.65,2025-11-11 02:24:50
EMP075,251,1.23,128.35,2025-11-11 02:32:43
EMP048,151,0.74,43.35,2025-11-11 02:33:35
EMP003,179,0.87,67.15,2025-11-11 02:35:23
EMP013,153,0.75,45.05,2025-11-11 02:51:18
EMP064,201,0.98,85.85,2025-11-11 03:07:28
EMP015,186,0.91,73.1,2025-11-11 05:47:31
EMP035,144,0.7,37.4,2025-11-11 05:53:59
EMP019,104,0.51,3.4,2025-11-11 06:11:53
EMP062,143,0.7,36.55,2025-11-11 06:15:11
EMP053,537,2.62,371.45,2025-11-11 07:23:12
EMP034,178,0.87,66.3,2025-11-11 07:40:23
EMP020,128,0.63,23.8,2025-11-11 08:23:12
EMP036,177,0.87,65.45,2025-11-11 09:39:31
EMP073,116,0.57,13.6,2025-11-11 10:22:29
EMP050,161,0.79,51.85,2025-11-11 10:29:17
EMP071,153,0.75,45.05,2025-11-11 11:32:37
EMP027,162,0.79,52.7,2025-11-11 11:48:42
EMP071,101,0.49,0.85,2025-11-11 12:02:13
EMP038,127,0.62,22.95,2025-11-11 12:05:09
EMP053,105,0.51,4.25,2025-11-11 12:35:14
EMP052,154,0.75,45.9,2025-11-11 12:52:57
EMP054,135,0.66,29.75,2025-11-11 13:58:10
EMP032,119,0.58,16.15,2025-11-11 14:22:20
EMP072,166,0.81,56.1,2025-11-11 14:38:27
EMP036,158,0.77,49.3,2025-11-11 17:08:33
EMP061,122,0.6,18.7,2025-11-11 17:23:36
EMP037,162,0.79,52.7,2025-11-11 17:53:04
EMP018,137,0.67,31.45,2025-11-11 18:41:02
EMP047,142,0.69,35.7,2025-11-11 18:42:02
EMP004,288,1.41,159.8,2025-11-11 20:04:08
EMP035,116,0.57,13.6,2025-11-11 20:29:07
EMP024,149,0.73,41.65,2025-11-11 20:31:13
EMP012,121,0.59,17.85,2025-11-11 20:34:47
EMP066,114,0.56,11.9,2025-11-11 20:38:19
EMP016,133,0.65,28.05,2025-11-11 21:35:34
EMP003,154,0.75,45.9,2025-11-11 21:40:30
EMP045,145,0.71,38.25,2025-11-11 21:54:07
EMP026,119,0.58,16.15,2025-11-11 22:43:14
EMP026,263,1.29,138.55,2025-11-11 22:53:12
EMP021,171,0.84,60.35,2025-11-11 22:55:19
EMP053,129,0.63,24.65,2025-11-12 00:14:14
EMP067,146,0.71,39.1,2025-11-12 00:43:01
EMP017,176,0.86,64.6,2025-11-12 01:36:26
EMP058,157,0.77,48.45,2025-11-12 02:06:32
EMP007,137,0.67,31.45,2025-11-12 03:03:23
EMP035,155,0.76,46.75,2025-11-12 03:05:10
EMP003,149,0.73,41.65,2025-11-12 04:58:32
EMP027,169,0.83,58.65,2025-11-12 05:47:50
EMP019,173,0.85,62.05,2025-11-12 06:13:33
EMP043,122,0.6,18.7,2025-11-12 06:47:37
EMP040,136,0.66,30.6,2025-11-12 06:56:48
EMP041,136,0.66,30.6,2025-11-12 07:56:53
EMP039,166,0.81,56.1,2025-11-12 07:57:32
EMP048,100,0.49,0.0,2025-11-12 09:14:39
EMP031,261,1.28,136.85,2025-11-12 10:19:07
EMP043,122,0.6,18.7,2025-11-12 10:28:27
EMP049,126,0.62,22.1,2025-11-12 11:30:53
EMP040,117,0.57,14.45,2025-11-12 12:05:02
EMP023,100,0.49,0.0,2025-11-12 12:51:51
EMP020,138,0.67,32.3,2025-11-12 12:59:14
EMP019,130,0.64,25.5,2025-11-12 14:27:31
EMP049,215,1.05,97.75,2025-11-12 14:40:04
EMP042,152,0.74,44.2,2025-11-12 15:12:56
EMP050,137,0.67,31.45,2025-11-12 15:18:26
EMP068,164,0.8,54.4,2025-11-12 15:22:10
EMP050,132,0.65,27.2,2025-11-12 16:07:39
EMP052,110,0.54,8.5,2025-11-12 16:28:08
EMP049,169,0.83,58.65,2025-11-12 16:41:10
EMP009,172,0.84,61.2,2025-11-12 17:18:33
EMP065,145,0.71,38.25,2025-11-12 17:46:26
EMP009,176,0.86,64.6,2025-11-12 17:59:01
EMP018,124,0.61,20.4,2025-11-12 19:33:20
EMP055,481,2.35,323.85,2025-11-12 19:53:09
EMP067,258,1.26,134.3,2025-11-12 20:35:45
EMP004,171,0.84,60.35,2025-11-12 20:59:59
EMP026,271,1.32,145.35,2025-11-12 21:35:14
EMP014,164,0.8,54.4,2025-11-12 22:06:31
EMP001,158,0.77,49.3,2025-11-12 22:10:51
EMP070,156,0.76,47.6,2025-11-12 23:01:06
EMP074,131,0.64,26.35,2025-11-12 23:36:22
EMP009,103,0.5,2.55,2025-11-13 00:17:51
EMP005,100,0.49,0.0,2025-11-13 02:07:49
EMP029,142,0.69,35.7,2025-11-13 02:11:56
EMP027,145,0.71,38.25,2025-11-13 02:26:17
EMP039,152,0.74,44.2,2025-11-13 02:39:07
EMP042,104,0.51,3.4,2025-11-13 03:22:29
EMP062,159,0.78,50.15,2025-11-13 07:11:57
EMP012,104,0.51,3.4,2025-11-13 09:53:15
EMP069,226,1.1,107.1,2025-11-13 10:19:20
EMP069,113,0.55,11.05,2025-11-13 11:01:03
EMP035,177,0.87,65.45,2025-11-13 12:03:36
EMP024,106,0.52,5.1,2025-11-13 16:09:05
EMP027,100,0.49,0.0,2025-11-13 16:23:50
EMP005,155,0.76,46.75,2025-11-13 16:43:57
EMP056,107,0.52,5.95,2025-11-13 17:19:24
EMP002,133,0.65,28.05,2025-11-13 17:34:56
EMP002,156,0.76,47.6,2025-11-13 18:29:21
EMP052,145,0.71,38.25,2025-11-13 19:35:55
EMP074,121,0.59,17.85,2025-11-13 21:46:29
EMP024,145,0.71,38.25,2025-11-13 22:26:47
EMP034,139,0.68,33.15,2025-11-13 22:31:02
EMP072,162,0.79,52.7,2025-11-14 00:12:20
EMP052,161,0.79,51.85,2025-11-14 00:51:30
EMP050,176,0.86,64.6,2025-11-14 00:57:13
EMP017,107,0.52,5.95,2025-11-14 01:09:48
EMP038,100,0.49,0.0,2025-11-14 02:20:52
EMP006,141,0.69,34.85,2025-11-14 03:46:00
EMP034,112,0.55,10.2,2025-11-14 04:41:45
EMP039,140,0.68,34.0,2025-11-14 05:26:36
EMP013,154,0.75,45.9,2025-11-14 06:19:21
EMP052,169,0.83,58.65,2025-11-14 06:29:24
EMP021,156,0.76,47.6,2025-11-14 07:12:43
EMP069,129,0.63,24.65,2025-11-14 08:07:59
EMP051,135,0.66,29.75,2025-11-14 08:27:43
EMP026,252,1.23,129.2,2025-11-14 10:34:36
EMP022,112,0.55,10.2,2025-11-14 10:45:54
EMP012,174,0.85,62.9,2025-11-14 10:59:21
EMP043,246,1.2,124.1,2025-11-14 11:27:27
EMP006,116,0.57,13.6,2025-11-14 12:27:37
EMP014,109,0.53,7.65,2025-11-14 12:50:20
EMP011,159,0.78,50.15,2025-11-14 12:55:30
EMP017,163,0.8,53.55,2025-11-14 14:36:25
EMP006,155,0.76,46.75,2025-11-14 14:45:16
EMP075,176,0.86,64.6,2025-11-14 14:49:42
EMP008,185,0.9,72.25,2025-11-14 14:52:31
EMP025,150,0.73,42.5,2025-11-14 15:45:13
EMP001,164,0.8,54.4,2025-11-14 18:04:15
EMP007,121,0.59,17.85,2025-11-14 18:06:55
EMP067,171,0.84,60.35,2025-11-14 18:16:27
EMP015,154,0.75,45.9,2025-11-14 18:57:37
EMP030,143,0.7,36.55,2025-11-14 20:45:32
EMP005,174,0.85,62.9,2025-11-14 22:19:27
EMP012,221,1.08,102.85,2025-11-14 23:39:06
EMP055,126,0.62,22.1,2025-11-15 01:30:48
EMP075,163,0.8,53.55,2025-11-15 02:10:35
EMP036,111,0.54,9.35,2025-11-15 04:41:37
EMP049,130,0.64,25.5,2025-11-15 05:01:07
EMP009,123,0.6,19.55,2025-11-15 05:46:33
EMP064,202,0.99,86.7,2025-11-15 07:06:15
EMP058,157,0.77,48.45,2025-11-15 07:15:48
EMP067,286,1.4,158.1,2025-11-15 07:38:26
EMP004,137,0.67,31.45,2025-11-15 08:03:19
EMP005,183,0.89,70.55,2025-11-15 09:06:05
EMP022,109,0.53,7.65,2025-11-15 09:07:54
EMP062,130,0.64,25.5,2025-11-15 09:17:46
EMP060,167,0.82,56.95,2025-11-15 09:49:18
EMP034,107,0.52,5.95,2025-11-15 10:10:19
EMP075,102,0.5,1.7,2025-11-15 10:15:25
EMP057,122,0.6,18.7,2025-11-15 11:25:30
EMP064,123,0.6,19.55,2025-11-15 11:34:18
EMP046,151,0.74,43.35,2025-11-15 11:49:16
EMP028,120,0.59,17.0,2025-11-15 13:01:41
EMP075,117,0.57,14.45,2025-11-15 13:33:01
EMP066,252,1.23,129.2,2025-11-15 14:22:37
EMP034,165,0.81,55.25,2025-11-15 14:38:20
EMP028,154,0.75,45.9,2025-11-15 16:41:49
EMP013,171,0.84,60.35,2025-11-15 18:36:36
EMP028,142,0.69,35.7,2025-11-15 18:37:39
EMP002,113,0.55,11.05,2025-11-15 19:00:42
EMP007,133,0.65,28.05,2025-11-15 19:20:44
EMP012,108,0.53,6.8,2025-11-15 19:52:17
EMP040,109,0.53,7.65,2025-11-15 20:20:05
EMP033,163,0.8,53.55,2025-11-15 22:21:49
EMP036,152,0.74,44.2,2025-11-15 22:39:50
EMP011,125,0.61,21.25,2025-11-15 23:06:44
EMP037,176,0.86,64.6,2025-11-15 23:25:57
EMP069,151,0.74,43.35,2025-11-16 00:14:02
EMP040,199,0.97,84.15,2025-11-16 00:16:58
EMP046,170,0.83,59.5,2025-11-16 00:45:29
EMP067,145,0.71,38.25,2025-11-16 01:29:08
EMP068,113,0.55,11.05,2025-11-16 01:55:52
EMP071,104,0.51,3.4,2025-11-16 04:40:36
EMP057,171,0.84,60.35,2025-11-16 06:37:39
EMP023,114,0.56,11.9,2025-11-16 06:42:41
EMP032,102,0.5,1.7,2025-11-16 06:54:30
EMP029,145,0.71,38.25,2025-11-16 07:23:34
EMP064,121,0.59,17.85,2025-11-16 07:56:24
EMP048,107,0.52,5.95,2025-11-16 09:17:07
EMP019,115,0.56,12.75,2025-11-16 10:51:57
EMP046,155,0.76,46.75,2025-11-16 10:55:58
EMP070,108,0.53,6.8,2025-11-16 10:58:51
EMP015,130,0.64,25.5,2025-11-16 11:11:14
EMP074,153,0.75,45.05,2025-11-16 11:28:21
EMP019,165,0.81,55.25,2025-11-16 12:05:33
EMP042,124,0.61,20.4,2025-11-16 12:07:17
EMP016,132,0.65,27.2,2025-11-16 12:34:08
EMP029,112,0.55,10.2,2025-11-16 14:04:48
EMP006,172,0.84,61.2,2025-11-16 14:25:36
EMP050,106,0.52,5.1,2025-11-16 14:51:39
EMP061,137,0.67,31.45,2025-11-16 16:10:17
EMP049,122,0.6,18.7,2025-11-16 16:15:57
EMP036,148,0.72,40.8,2025-11-16 16:25:00
EMP045,180,0.88,68.0,2025-11-16 16:36:35
EMP015,116,0.57,13.6,2025-11-16 17:01:48
EMP072,101,0.49,0.85,2025-11-16 17:42:19
EMP011,176,0.86,64.6,2025-11-16 17:47:28
EMP005,106,0.52,5.1,2025-11-16 19:19:25
EMP016,153,0.75,45.05,2025-11-16 20:13:49
EMP071,113,0.55,11.05,2025-11-16 20:25:48
EMP002,246,1.2,124.1,2025-11-16 21:04:47
EMP035,144,0.7,37.4,2025-11-16 21:45:53
EMP046,173,0.85,62.05,2025-11-16 22:22:26
EMP060,116,0.57,13.6,2025-11-16 23:01:36
EMP060,323,1.58,189.55,2025-11-16 23:13:07
EMP025,115,0.56,12.75,2025-11-16 23:39:10
EMP059,161,0.79,51.85,2025-11-17 00:25:45
EMP050,275,1.34,148.75,2025-11-17 00:45:27
EMP008,178,0.87,66.3,2025-11-17 01:34:28
EMP024,135,0.66,29.75,2025-11-17 02:35:11
EMP026,157,0.77,48.45,2025-11-17 03:04:08
EMP058,160,0.78,51.0,2025-11-17 04:16:41
EMP015,127,0.62,22.95,2025-11-17 04:44:42
EMP036,151,0.74,43.35,2025-11-17 04:47:56
EMP031,130,0.64,25.5,2025-11-17 05:17:30
EMP014,140,0.68,34.0,2025-11-17 05:38:35
EMP010,139,0.68,33.15,2025-11-17 05:46:24
EMP002,177,0.87,65.45,2025-11-17 05:46:30
EMP016,150,0.73,42.5,2025-11-17 05:56:54
EMP016,157,0.77,48.45,2025-11-17 05:58:08
EMP029,135,0.66,29.75,2025-11-17 06:09:31
EMP072,170,0.83,59.5,2025-11-17 06:14:18
EMP042,174,0.85,62.9,2025-11-17 06:39:12
EMP039,365,1.78,225.25,2025-11-17 07:05:16
EMP030,152,0.74,44.2,2025-11-17 10:38:15
EMP068,108,0.53,6.8,2025-11-17 11:13:46
EMP045,138,0.67,32.3,2025-11-17 11:35:15
EMP064,178,0.87,66.3,2025-11-17 11:35:19
EMP026,124,0.61,20.4,2025-11-17 11:54:20
EMP006,102,0.5,1.7,2025-11-17 13:00:59
EMP018,126,0.62,22.1,2025-11-17 13:31:46
EMP005,111,0.54,9.35,2025-11-17 14:16:32
EMP071,167,0.82,56.95,2025-11-17 14:23:17
EMP049,149,0.73,41.65,2025-11-17 14:39:48
EMP027,146,0.71,39.1,2025-11-17 14:45:12
EMP023,121,0.59,17.85,2025-11-17 15:43:41
EMP069,101,0.49,0.85,2025-11-17 15:57:20
EMP010,163,0.8,53.55,2025-11-17 18:43:21
EMP002,157,0.77,48.45,2025-11-17 19:36:58
EMP033,162,0.79,52.7,2025-11-17 20:01:33
EMP030,130,0.64,25.5,2025-11-17 20:15:09
EMP044,161,0.79,51.85,2025-11-17 20:49:37
EMP055,153,0.75,45.05,2025-11-17 23:26:04
EMP028,167,0.82,56.95,2025-11-18 00:12:20
EMP002,119,0.58,16.15,2025-11-18 01:40:14
EMP069,130,0.64,25.5,2025-11-18 02:22:49
EMP031,160,0.78,51.0,2025-11-18 02:40:38
EMP021,141,0.69,34.85,2025-11-18 03:55:02
EMP071,150,0.73,42.5,2025-11-18 04:04:31
EMP006,180,0.88,68.0,2025-11-18 04:19:32
EMP052,221,1.08,102.85,2025-11-18 04:25:50
EMP061,108,0.53,6.8,2025-11-18 04:48:29
EMP033,140,0.68,34.0,2025-11-18 06:18:52
EMP046,151,0.74,43.35,2025-11-18 07:35:53
EMP065,125,0.61,21.25,2025-11-18 08:00:17
EMP045,166,0.81,56.1,2025-11-18 08:50:22
EMP028,167,0.82,56.95,2025-11-18 09:24:48
EMP005,108,0.53,6.8,2025-11-18 10:07:28
EMP001,171,0.84,60.35,2025-11-18 10:17:27
EMP021,127,0.62,22.95,2025-11-18 10:48:09
EMP072,170,0.83,59.5,2025-11-18 11:25:29
EMP007,167,0.82,56.95,2025-11-18 12:02:22
EMP072,251,1.23,128.35,2025-11-18 14:02:55
EMP044,118,0.58,15.3,2025-11-18 14:21:06
EMP027,142,0.69,35.7,2025-11-18 15:57:53
EMP006,147,0.72,39.95,2025-11-18 16:33:46
EMP033,162,0.79,52.7,2025-11-18 16:35:25
EMP056,115,0.56,12.75,2025-11-18 17:03:18
EMP021,135,0.66,29.75,2025-11-18 18:08:01
EMP044,160,0.78,51.0,2025-11-18 18:09:34
EMP031,119,0.58,16.15,2025-11-18 18:38:00
EMP043,177,0.87,65.45,2025-11-18 19:13:47
EMP033,101,0.49,0.85,2025-11-18 19:25:06
EMP019,141,0.69,34.85,2025-11-18 20:16:11
EMP003,129,0.63,24.65,2025-11-18 20:56:23
EMP015,112,0.55,10.2,2025-11-18 22:06:09
EMP032,125,0.61,21.25,2025-11-18 22:54:14
EMP034,116,0.57,13.6,2025-11-18 22:57:19
EMP045,177,0.87,65.45,2025-11-18 23:14:28
EMP013,111,0.54,9.35,2025-11-18 23:43:03
EMP001,108,0.53,6.8,2025-11-19 00:11:27
EMP007,111,0.54,9.35,2025-11-19 00:48:49
EMP008,140,0.68,34.0,2025-11-19 01:38:42
EMP066,106,0.52,5.1,2025-11-19 01:51:38
EMP006,135,0.66,29.75,2025-11-19 02:20:11
EMP028,121,0.59,17.85,2025-11-19 03:31:52
EMP045,136,0.66,30.6,2025-11-19 04:04:14
EMP022,168,0.82,57.8,2025-11-19 05:11:22
EMP047,100,0.49,0.0,2025-11-19 05:21:45
EMP023,152,0.74,44.2,2025-11-19 06:34:10
EMP005,242,1.18,120.7,2025-11-19 06:41:34
EMP002,174,0.85,62.9,2025-11-19 06:46:05
EMP053,178,0.87,66.3,2025-11-19 07:11:30
EMP063,108,0.53,6.8,2025-11-19 07:15:13
EMP055,103,0.5,2.55,2025-11-19 07:42:15
EMP040,115,0.56,12.75,2025-11-19 09:05:53
EMP015,158,0.77,49.3,2025-11-19 09:33:38
EMP044,174,0.85,62.9,2025-11-19 09:48:49
EMP060,153,0.75,45.05,2025-11-19 10:26:00
EMP008,168,0.82,57.8,2025-11-19 11:03:06
EMP036,128,0.63,23.8,2025-11-19 11:41:17
EMP036,134,0.65,28.9,2025-11-19 12:11:12
EMP069,118,0.58,15.3,2025-11-19 12:24:55
EMP043,113,0.55,11.05,2025-11-19 12:27:29
EMP036,264,1.29,139.4,2025-11-19 14:11:05
EMP013,132,0.65,27.2,2025-11-19 14:20:13
EMP067,166,0.81,56.1,2025-11-19 15:17:20
EMP051,175,0.86,63.75,2025-11-19 15:39:19
EMP058,139,0.68,33.15,2025-11-19 16:55:41
EMP020,103,0.5,2.55,2025-11-19 20:02:05
EMP036,101,0.49,0.85,2025-11-19 21:04:03
EMP017,180,0.88,68.0,2025-11-19 21:04:11
EMP027,173,0.85,62.05,2025-11-19 21:44:22
EMP053,159,0.78,50.15,2025-11-19 22:10:32
EMP051,112,0.55,10.2,2025-11-19 22:12:26
EMP051,204,1.0,88.4,2025-11-19 23:49:02
EMP071,166,0.81,56.1,2025-11-19 23:50:58
EMP040,155,0.76,46.75,2025-11-19 23:57:49
EMP055,111,0.54,9.35,2025-11-20 01:26:21
EMP047,122,0.6,18.7,2025-11-20 01:54:08
EMP011,145,0.71,38.25,2025-11-20 02:01:03
EMP070,174,0.85,62.9,2025-11-20 02:37:52
EMP012,150,0.73,42.5,2025-11-20 02:54:36
EMP070,169,0.83,58.65,2025-11-20 05:21:11
EMP057,138,0.67,32.3,2025-11-20 05:53:00
EMP060,167,0.82,56.95,2025-11-20 06:03:23
EMP047,156,0.76,47.6,2025-11-20 06:22:59
EMP062,155,0.76,46.75,2025-11-20 07:01:58
EMP069,131,0.64,26.35,2025-11-20 07:28:04
EMP063,103,0.5,2.55,2025-11-20 07:55:37
EMP034,144,0.7,37.4,2025-11-20 09:30:39
EMP059,154,0.75,45.9,2025-11-20 09:50:42
EMP037,147,0.72,39.95,2025-11-20 09:56:32
EMP049,117,0.57,14.45,2025-11-20 14:41:49
EMP071,147,0.72,39.95,2025-11-20 15:55:28
EMP002,148,0.72,40.8,2025-11-20 16:05:37
EMP047,111,0.54,9.35,2025-11-20 16:11:48
EMP054,153,0.75,45.05,2025-11-20 17:06:59
EMP028,142,0.69,35.7,2025-11-20 17:46:12
EMP032,103,0.5,2.55,2025-11-20 18:03:13
EMP011,142,0.69,35.7,2025-11-20 18:40:22
EMP035,127,0.62,22.95,2025-11-20 19:55:46
EMP067,124,0.61,20.4,2025-11-20 21:30:52
EMP045,124,0.61,20.4,2025-11-21 00:16:42
EMP071,176,0.86,64.6,2025-11-21 00:20:38
EMP035,139,0.68,33.15,2025-11-21 01:19:37
EMP062,127,0.62,22.95,2025-11-21 01:26:58
EMP035,180,0.88,68.0,2025-11-21 02:25:37
EMP055,131,0.64,26.35,2025-11-21 02:35:17
EMP022,105,0.51,4.25,2025-11-21 02:37:52
EMP063,148,0.72,40.8,2025-11-21 04:31:14
EMP072,259,1.27,135.15,2025-11-21 04:49:02
EMP066,152,0.74,44.2,2025-11-21 06:26:45
EMP074,101,0.49,0.85,2025-11-21 06:56:42
EMP042,164,0.8,54.4,2025-11-21 08:23:08
EMP006,585,2.86,412.25,2025-11-21 09:11:56
EMP037,188,0.92,74.8,2025-11-21 10:59:23
EMP032,154,0.75,45.9,2025-11-21 11:29:47
EMP027,105,0.51,4.25,2025-11-21 12:16:41
EMP062,117,0.57,14.45,2025-11-21 12:41:52
EMP011,129,0.63,24.65,2025-11-21 12:46:24
EMP006,175,0.86,63.75,2025-11-21 15:23:02
EMP062,230,1.12,110.5,2025-11-21 15:43:20
EMP050,163,0.8,53.55,2025-11-21 16:29:51
EMP033,206,1.01,90.1,2025-11-21 16:44:01
EMP065,138,0.67,32.3,2025-11-21 17:00:39
EMP069,162,0.79,52.7,2025-11-21 17:04:16
EMP020,136,0.66,30.6,2025-11-21 17:57:45
EMP038,164,0.8,54.4,2025-11-21 18:07:12
EMP022,180,0.88,68.0,2025-11-21 18:48:42
EMP068,180,0.88,68.0,2025-11-21 21:20:26
EMP039,120,0.59,17.0,2025-11-21 21:32:04
EMP033,175,0.86,63.75,2025-11-21 21:38:04
EMP061,130,0.64,25.5,2025-11-21 21:52:07
EMP073,166,0.81,56.1,2025-11-21 23:10:45
EMP070,110,0.54,8.5,2025-11-21 23:12:19
EMP055,118,0.58,15.3,2025-11-21 23:24:55
EMP005,111,0.54,9.35,2025-11-21 23:37:44
EMP063,144,0.7,37.4,2025-11-21 23:51:41
EMP047,182,0.89,69.7,2025-11-21 23:59:56
EMP058,166,0.81,56.1,2025-11-22 00:57:44
EMP030,152,0.74,44.2,2025-11-22 02:53:43
EMP046,216,1.06,98.6,2025-11-22 03:16:56
EMP045,122,0.6,18.7,2025-11-22 04:24:36
EMP060,171,0.84,60.35,2025-11-22 06:27:24
EMP046,130,0.64,25.5,2025-11-22 06:28:14
EMP021,136,0.66,30.6,2025-11-22 07:06:06
EMP031,126,0.62,22.1,2025-11-22 07:34:55
EMP053,173,0.85,62.05,2025-11-22 08:02:28
EMP032,157,0.77,48.45,2025-11-22 09:10:48
EMP025,167,0.82,56.95,2025-11-22 09:43:34
EMP069,361,1.76,221.85,2025-11-22 10:23:10
EMP036,169,0.83,58.65,2025-11-22 10:46:19
EMP010,146,0.71,39.1,2025-11-22 11:22:07
EMP066,138,0.67,32.3,2025-11-22 12:37:35
EMP071,157,0.77,48.45,2025-11-22 17:04:45
EMP074,246,1.2,124.1,2025-11-22 18:26:06
EMP007,116,0.57,13.6,2025-11-22 20:35:06
EMP031,249,1.22,126.65,2025-11-22 20:47:03
EMP068,128,0.63,23.8,2025-11-22 22:18:58
EMP001,111,0.54,9.35,2025-11-22 22:29:25
EMP010,100,0.49,0.0,2025-11-22 23:09:45
EMP012,148,0.72,40.8,2025-11-22 23:42:47
EMP030,170,0.83,59.5,2025-11-23 00:27:08
EMP049,141,0.69,34.85,2025-11-23 01:57:18
EMP003,117,0.57,14.45,2025-11-23 02:15:34
EMP042,101,0.49,0.85,2025-11-23 02:20:06
EMP038,102,0.5,1.7,2025-11-23 03:36:18
EMP026,153,0.75,45.05,2025-11-23 05:32:23
EMP026,207,1.01,90.95,2025-11-23 05:39:15
EMP005,160,0.78,51.0,2025-11-23 05:39:57
EMP056,122,0.6,18.7,2025-11-23 05:57:44
EMP034,103,0.5,2.55,2025-11-23 06:27:57
EMP008,137,0.67,31.45,2025-11-23 07:00:54
EMP063,141,0.69,34.85,2025-11-23 07:24:56
EMP031,119,0.58,16.15,2025-11-23 08:40:02
EMP031,162,0.79,52.7,2025-11-23 09:24:48
EMP031,140,0.68,34.0,2025-11-23 09:41:14
EMP061,104,0.51,3.4,2025-11-23 10:03:27
EMP051,137,0.67,31.45,2025-11-23 10:58:36
EMP026,101,0.49,0.85,2025-11-23 14:02:12
EMP029,106,0.52,5.1,2025-11-23 14:07:00
EMP001,122,0.6,18.7,2025-11-23 14:21:00
EMP046,144,0.7,37.4,2025-11-23 14:49:47
EMP075,737,3.6,541.45,2025-11-23 15:01:12
EMP019,173,0.85,62.05,2025-11-23 15:42:57
EMP006,165,0.81,55.25,2025-11-23 18:14:00
EMP006,169,0.83,58.65,2025-11-23 19:34:02
EMP028,103,0.5,2.55,2025-11-23 19:43:22
EMP021,138,0.67,32.3,2025-11-23 21:09:04
EMP055,122,0.6,18.7,2025-11-23 21:43:48
EMP047,115,0.56,12.75,2025-11-23 21:47:48
EMP044,102,0.5,1.7,2025-11-24 00:02:50
EMP068,119,0.58,16.15,2025-11-24 00:43:32
EMP015,139,0.68,33.15,2025-11-24 01:53:44
EMP010,157,0.77,48.45,2025-11-24 02:03:21
EMP054,128,0.63,23.8,2025-11-24 02:34:02
EMP014,172,0.84,61.2,2025-11-24 02:48:50
EMP010,146,0.71,39.1,2025-11-24 02:57:51
EMP053,166,0.81,56.1,2025-11-24 04:02:40
EMP063,713,3.48,521.05,2025-11-24 04:12:27
EMP039,144,0.7,37.4,2025-11-24 04:26:44
EMP014,121,0.59,17.85,2025-11-24 05:36:11
EMP030,141,0.69,34.85,2025-11-24 05:53:58
EMP073,111,0.54,9.35,2025-11-24 06:40:23
EMP031,110,0.54,8.5,2025-11-24 07:24:43
EMP065,447,2.18,294.95,2025-11-24 07:36:06
EMP074,133,0.65,28.05,2025-11-24 08:22:22
EMP019,170,0.83,59.5,2025-11-24 09:09:41
EMP030,140,0.68,34.0,2025-11-24 09:12:53
EMP053,139,0.68,33.15,2025-11-24 09:54:41
EMP062,154,0.75,45.9,2025-11-24 10:23:43
EMP046,133,0.65,28.05,2025-11-24 11:38:53
EMP075,126,0.62,22.1,2025-11-24 11:39:03
EMP018,103,0.5,2.55,2025-11-24 13:23:55
EMP069,168,0.82,57.8,2025-11-24 13:43:15
EMP015,148,0.72,40.8,2025-11-24 13:44:50
EMP009,104,0.51,3.4,2025-11-24 14:38:14
EMP027,144,0.7,37.4,2025-11-24 14:40:30
EMP010,263,1.29,138.55,2025-11-24 15:36:40
EMP075,175,0.86,63.75,2025-11-24 16:08:26
EMP025,168,0.82,57.8,2025-11-24 17:19:46
EMP068,120,0.59,17.0,2025-11-24 20:15:13
EMP024,133,0.65,28.05,2025-11-24 21:41:08
EMP020,136,0.66,30.6,2025-11-24 22:11:20
EMP011,140,0.68,34.0,2025-11-24 23:30:54
EMP044,119,0.58,16.15,2025-11-25 01:39:42
EMP016,158,0.77,49.3,2025-11-25 01:51:06
EMP002,177,0.87,65.45,2025-11-25 02:12:28
EMP047,160,0.78,51.0,2025-11-25 03:03:11
EMP015,179,0.87,67.15,2025-11-25 06:02:26
EMP074,122,0.6,18.7,2025-11-25 06:13:06
EMP049,161,0.79,51.85,2025-11-25 08:10:23
EMP035,104,0.51,3.4,2025-11-25 08:46:25
EMP069,136,0.66,30.6,2025-11-25 09:26:53
EMP011,180,0.88,68.0,2025-11-25 09:38:25
EMP058,134,0.65,28.9,2025-11-25 12:00:01
EMP049,178,0.87,66.3,2025-11-25 12:30:05
EMP020,167,0.82,56.95,2025-11-25 18:18:20
EMP017,174,0.85,62.9,2025-11-25 22:25:51
EMP054,129,0.63,24.65,2025-11-25 23:11:11
EMP050,142,0.69,35.7,2025-11-25 23:33:06
EMP064,126,0.62,22.1,2025-11-25 23:40:54
EMP039,278,1.36,151.3,2025-11-26 00:04:07
EMP008,117,0.57,14.45,2025-11-26 00:17:29
EMP046,172,0.84,61.2,2025-11-26 00:39:55
EMP073,661,3.23,476.85,2025-11-26 02:34:16
EMP015,158,0.77,49.3,2025-11-26 03:05:00
EMP020,110,0.54,8.5,2025-11-26 04:08:57
EMP061,118,0.58,15.3,2025-11-26 04:33:14
EMP058,144,0.7,37.4,2025-11-26 05:19:32
EMP022,139,0.68,33.15,2025-11-26 05:45:36
EMP069,149,0.73,41.65,2025-11-26 05:47:06
EMP055,167,0.82,56.95,2025-11-26 05:57:25
EMP027,149,0.73,41.65,2025-11-26 08:00:04
EMP031,140,0.68,34.0,2025-11-26 09:16:58
EMP055,180,0.88,68.0,2025-11-26 09:33:00
EMP021,158,0.77,49.3,2025-11-26 09:59:01
EMP007,127,0.62,22.95,2025-11-26 10:45:05
EMP018,706,3.45,515.1,2025-11-26 12:07:18
EMP048,138,0.67,32.3,2025-11-26 12:27:08
EMP031,121,0.59,17.85,2025-11-26 12:31:40
EMP071,139,0.68,33.15,2025-11-26 12:33:17
EMP060,170,0.83,59.5,2025-11-26 13:55:15
EMP002,112,0.55,10.2,2025-11-26 14:20:49
EMP015,120,0.59,17.0,2025-11-26 14:35:32
EMP060,139,0.68,33.15,2025-11-26 14:38:32
EMP051,135,0.66,29.75,2025-11-26 14:56:33
EMP030,170,0.83,59.5,2025-11-26 16:18:26
EMP052,122,0.6,18.7,2025-11-26 16:35:32
EMP011,168,0.82,57.8,2025-11-26 18:22:49
EMP075,172,0.84,61.2,2025-11-26 20:04:58
EMP017,164,0.8,54.4,2025-11-26 20:17:06
EMP011,160,0.78,51.0,2025-11-26 21:08:57
EMP018,117,0.57,14.45,2025-11-26 21:32:35
EMP026,626,3.06,447.1,2025-11-26 22:45:26
EMP053,123,0.6,19.55,2025-11-26 23:03:05
EMP062,110,0.54,8.5,2025-11-26 23:15:15
EMP075,101,0.49,0.85,2025-11-26 23:23:40
EMP028,128,0.63,23.8,2025-11-26 23:24:15
EMP045,157,0.77,48.45,2025-11-26 23:38:28
EMP011,117,0.57,14.45,2025-11-27 00:03:04
EMP048,100,0.49,0.0,2025-11-27 00:05:59
EMP023,111,0.54,9.35,2025-11-27 00:53:17
EMP041,169,0.83,58.65,2025-11-27 01:39:37
EMP019,191,0.93,77.35,2025-11-27 02:04:50
EMP027,142,0.69,35.7,2025-11-27 03:11:39
EMP036,136,0.66,30.6,2025-11-27 03:50:39
EMP017,213,1.04,96.05,2025-11-27 06:03:35
EMP058,161,0.79,51.85,2025-11-27 07:06:31
EMP031,116,0.57,13.6,2025-11-27 07:40:46
EMP009,110,0.54,8.5,2025-11-27 09:09:40
EMP039,123,0.6,19.55,2025-11-27 09:41:07
EMP066,108,0.53,6.8,2025-11-27 10:04:42
EMP007,124,0.61,20.4,2025-11-27 10:41:09
EMP061,135,0.66,29.75,2025-11-27 11:06:32
EMP062,167,0.82,56.95,2025-11-27 11:50:26
EMP009,106,0.52,5.1,2025-11-27 12:03:13
EMP001,110,0.54,8.5,2025-11-27 13:47:30
EMP070,159,0.78,50.15,2025-11-27 15:14:16
EMP027,158,0.77,49.3,2025-11-27 15:49:38
EMP026,111,0.54,9.35,2025-11-27 16:10:13
EMP050,138,0.67,32.3,2025-11-27 17:00:46
EMP055,169,0.83,58.65,2025-11-27 17:08:57
EMP058,116,0.57,13.6,2025-11-27 17:26:08
EMP001,148,0.72,40.8,2025-11-27 17:43:43
EMP011,162,0.79,52.7,2025-11-27 18:47:30
EMP020,170,0.83,59.5,2025-11-27 18:57:27
EMP005,280,1.37,153.0,2025-11-27 19:35:11
EMP028,273,1.33,147.05,2025-11-27 19:47:54
EMP002,160,0.78,51.0,2025-11-27 20:08:47
EMP073,173,0.85,62.05,2025-11-27 21:01:25
EMP033,148,0.72,40.8,2025-11-27 21:36:30
EMP029,166,0.81,56.1,2025-11-27 22:20:26
EMP013,122,0.6,18.7,2025-11-27 22:50:23
EMP070,130,0.64,25.5,2025-11-27 23:19:07
EMP032,229,1.12,109.65,2025-11-27 23:24:53
EMP025,107,0.52,5.95,2025-11-28 00:19:27
EMP058,136,0.66,30.6,2025-11-28 01:16:09
EMP069,112,0.55,10.2,2025-11-28 02:20:17
EMP030,147,0.72,39.95,2025-11-28 02:39:56
EMP001,280,1.37,153.0,2025-11-28 03:35:49
EMP023,123,0.6,19.55,2025-11-28 04:17:43
EMP032,121,0.59,17.85,2025-11-28 04:55:29
EMP065,134,0.65,28.9,2025-11-28 05:14:35
EMP028,158,0.77,49.3,2025-11-28 06:32:48
EMP004,274,1.34,147.9,2025-11-28 07:06:23
EMP027,111,0.54,9.35,2025-11-28 07:17:26
EMP066,138,0.67,32.3,2025-11-28 08:02:08
EMP049,117,0.57,14.45,2025-11-28 08:11:46
EMP038,170,0.83,59.5,2025-11-28 08:25:41
EMP017,102,0.5,1.7,2025-11-28 08:38:10
EMP066,126,0.62,22.1,2025-11-28 08:50:53
EMP055,140,0.68,34.0,2025-11-28 10:00:53
EMP072,113,0.55,11.05,2025-11-28 10:05:02
EMP002,175,0.86,63.75,2025-11-28 11:14:44
EMP034,145,0.71,38.25,2025-11-28 11:23:02
EMP039,107,0.52,5.95,2025-11-28 12:09:47
EMP056,159,0.78,50.15,2025-11-28 12:39:10
EMP030,135,0.66,29.75,2025-11-28 13:31:43
EMP039,156,0.76,47.6,2025-11-28 14:07:14
EMP072,173,0.85,62.05,2025-11-28 14:18:28
EMP031,168,0.82,57.8,2025-11-28 14:20:29
EMP018,155,0.76,46.75,2025-11-28 16:40:22
EMP052,112,0.55,10.2,2025-11-28 16:51:31
EMP018,172,0.84,61.2,2025-11-28 17:34:54
EMP068,131,0.64,26.35,2025-11-28 18:00:20
EMP067,144,0.7,37.4,2025-11-28 18:26:29
EMP006,180,0.88,68.0,2025-11-28 18:32:02
EMP026,178,0.87,66.3,2025-11-28 18:42:08
EMP008,158,0.77,49.3,2025-11-28 19:24:55
EMP038,137,0.67,31.45,2025-11-28 20:13:03
EMP073,149,0.73,41.65,2025-11-28 20:39:35
EMP058,117,0.57,14.45,2025-11-28 21:56:19
EMP019,106,0.52,5.1,2025-11-28 22:08:03
EMP008,102,0.5,1.7,2025-11-28 22:26:07
EMP070,158,0.77,49.3,2025-11-28 23:43:41
EMP062,141,0.69,34.85,2025-11-29 00:04:39
EMP005,139,0.68,33.15,2025-11-29 04:11:14
EMP054,169,0.83,58.65,2025-11-29 06:24:25
EMP062,123,0.6,19.55,2025-11-29 06:29:40
EMP050,153,0.75,45.05,2025-11-29 07:24:34
EMP073,162,0.79,52.7,2025-11-29 07:48:16
EMP021,179,0.87,67.15,2025-11-29 08:17:22
EMP016,131,0.64,26.35,2025-11-29 08:57:39
EMP047,151,0.74,43.35,2025-11-29 08:58:00
EMP021,126,0.62,22.1,2025-11-29 10:29:20
EMP016,120,0.59,17.0,2025-11-29 11:59:53
EMP033,180,0.88,68.0,2025-11-29 12:13:51
EMP068,105,0.51,4.25,2025-11-29 12:28:14
EMP007,167,0.82,56.95,2025-11-29 13:29:00
EMP005,242,1.18,120.7,2025-11-29 13:58:04
EMP029,105,0.51,4.25,2025-11-29 15:14:53
EMP071,158,0.77,49.3,2025-11-29 15:49:31
EMP032,122,0.6,18.7,2025-11-29 17:24:14
EMP073,178,0.87,66.3,2025-11-29 17:24:31
EMP038,128,0.63,23.8,2025-11-29 18:10:50
EMP068,153,0.75,45.05,2025-11-29 19:08:42
EMP013,105,0.51,4.25,2025-11-29 19:20:18
EMP041,135,0.66,29.75,2025-11-29 19:55:55
EMP006,148,0.72,40.8,2025-11-29 20:12:22
EMP029,178,0.87,66.3,2025-11-29 20:28:01
EMP028,116,0.57,13.6,2025-11-29 20:32:58
EMP055,101,0.49,0.85,2025-11-29 21:20:47
EMP024,125,0.61,21.25,2025-11-29 22:05:03
EMP039,313,1.53,181.05,2025-11-29 22:45:23
EMP037,122,0.6,18.7,2025-11-29 23:00:20
EMP056,113,0.55,11.05,2025-11-29 23:27:37
EMP052,142,0.69,35.7,2025-11-29 23:43:33
EMP020,101,0.49,0.85,2025-11-30 01:07:02
EMP041,137,0.67,31.45,2025-11-30 01:18:43
EMP041,178,0.87,66.3,2025-11-30 01:24:19
EMP023,134,0.65,28.9,2025-11-30 02:28:11
EMP025,111,0.54,9.35,2025-11-30 03:08:39
EMP057,172,0.84,61.2,2025-11-30 04:02:11
EMP059,117,0.57,14.45,2025-11-30 05:07:15
EMP031,146,0.71,39.1,2025-11-30 05:37:43
EMP065,148,0.72,40.8,2025-11-30 05:52:44
EMP066,147,0.72,39.95,2025-11-30 06:09:24
EMP074,282,1.38,154.7,2025-11-30 06:15:34
EMP031,147,0.72,39.95,2025-11-30 06:37:24
EMP071,162,0.79,52.7,2025-11-30 07:22:10
EMP066,165,0.81,55.25,2025-11-30 07:34:25
EMP024,107,0.52,5.95,2025-11-30 07:45:55
EMP062,102,0.5,1.7,2025-11-30 09:27:53
EMP052,100,0.49,0.0,2025-11-30 09:43:32
EMP005,154,0.75,45.9,2025-11-30 10:56:42
EMP074,153,0.75,45.05,2025-11-30 12:30:56
EMP026,139,0.68,33.15,2025-11-30 13:17:12
EMP027,146,0.71,39.1,2025-11-30 14:45:35
EMP013,148,0.72,40.8,2025-11-30 16:05:58
EMP004,120,0.59,17.0,2025-11-30 17:35:21
EMP032,191,0.93,77.35,2025-11-30 17:52:52
EMP061,328,1.6,193.8,2025-11-30 18:39:46
EMP051,129,0.63,24.65,2025-11-30 19:41:30
EMP048,142,0.69,35.7,2025-11-30 20:48:43
EMP014,129,0.63,24.65,2025-11-30 20:53:56
EMP032,108,0.53,6.8,2025-11-30 20:54:55
EMP018,142,0.69,35.7,2025-11-30 22:31:53
EMP042,177,0.87,65.45,2025-12-01 00:01:15
EMP062,136,0.66,30.6,2025-12-01 00:45:42
EMP003,106,0.52,5.1,2025-12-01 01:09:13
EMP071,134,0.65,28.9,2025-12-01 01:47:45
EMP057,133,0.65,28.05,2025-12-01 02:49:51
EMP044,112,0.55,10.2,2025-12-01 03:43:46
EMP008,133,0.65,28.05,2025-12-01 04:38:58
EMP002,149,0.73,41.65,2025-12-01 05:00:57
EMP023,136,0.66,30.6,2025-12-01 05:23:05
EMP005,138,0.67,32.3,2025-12-01 06:22:51
EMP045,121,0.59,17.85,2025-12-01 08:13:05
EMP060,160,0.78,51.0,2025-12-01 08:18:23
EMP043,146,0.71,39.1,2025-12-01 08:23:04
EMP067,166,0.81,56.1,2025-12-01 09:14:20
EMP063,100,0.49,0.0,2025-12-01 10:11:32
EMP071,151,0.74,43.35,2025-12-01 10:29:40
EMP006,159,0.78,50.15,2025-12-01 11:21:33
EMP003,155,0.76,46.75,2025-12-01 12:02:55
EMP012,217,1.06,99.45,2025-12-01 12:23:46
EMP027,170,0.83,59.5,2025-12-01 13:17:12
EMP017,153,0.75,45.05,2025-12-01 15:32:48
EMP058,147,0.72,39.95,2025-12-01 15:54:38
EMP069,154,0.75,45.9,2025-12-01 16:56:48
EMP020,152,0.74,44.2,2025-12-01 17:01:58
EMP017,169,0.83,58.65,2025-12-01 17:34:01
EMP008,354,1.73,215.9,2025-12-01 18:15:59
EMP069,136,0.66,30.6,2025-12-01 20:08:03
EMP068,167,0.82,56.95,2025-12-01 21:52:11
EMP055,282,1.38,154.7,2025-12-01 23:06:22
EMP067,118,0.58,15.3,2025-12-01 23:34:40
EMP016,138,0.67,32.3,2025-12-02 00:00:54
EMP024,156,0.76,47.6,2025-12-02 00:17:06
EMP028,130,0.64,25.5,2025-12-02 01:51:07
EMP048,102,0.5,1.7,2025-12-02 02:34:53
EMP057,159,0.78,50.15,2025-12-02 03:33:19
EMP010,125,0.61,21.25,2025-12-02 04:17:07
EMP058,146,0.71,39.1,2025-12-02 04:25:35
EMP061,130,0.64,25.5,2025-12-02 04:47:54
EMP011,132,0.65,27.2,2025-12-02 04:49:43
EMP063,128,0.63,23.8,2025-12-02 05:27:35
EMP057,151,0.74,43.35,2025-12-02 06:00:06
EMP065,101,0.49,0.85,2025-12-02 06:01:42
EMP021,156,0.76,47.6,2025-12-02 06:27:00
EMP030,156,0.76,47.6,2025-12-02 06:29:44
EMP034,146,0.71,39.1,2025-12-02 06:47:56
EMP062,124,0.61,20.4,2025-12-02 06:55:09
EMP021,180,0.88,68.0,2025-12-02 07:05:16
EMP022,111,0.54,9.35,2025-12-02 07:50:22
EMP067,140,0.68,34.0,2025-12-02 07:57:59
EMP057,132,0.65,27.2,2025-12-02 08:05:47
EMP050,205,1.0,89.25,2025-12-02 08:17:52
EMP025,150,0.73,42.5,2025-12-02 08:43:54
EMP029,145,0.71,38.25,2025-12-02 09:00:45
EMP033,143,0.7,36.55,2025-12-02 09:57:24
EMP037,158,0.77,49.3,2025-12-02 10:16:17
EMP074,156,0.76,47.6,2025-12-02 10:32:25
EMP069,100,0.49,0.0,2025-12-02 10:38:50
EMP065,155,0.76,46.75,2025-12-02 10:43:55
EMP047,139,0.68,33.15,2025-12-02 13:34:15
EMP038,150,0.73,42.5,2025-12-02 14:46:23
EMP007,172,0.84,61.2,2025-12-02 15:06:38
EMP071,164,0.8,54.4,2025-12-02 15:39:50
EMP001,252,1.23,129.2,2025-12-02 15:46:44
EMP029,149,0.73,41.65,2025-12-02 16:41:09
EMP008,131,0.64,26.35,2025-12-02 16:55:33
EMP035,480,2.35,323.0,2025-12-02 18:01:26
EMP042,142,0.69,35.7,2025-12-02 18:40:52
EMP045,166,0.81,56.1,2025-12-02 21:17:03
EMP072,238,1.16,117.3,2025-12-02 22:02:03
EMP071,142,0.69,35.7,2025-12-02 22:08:40
EMP010,124,0.61,20.4,2025-12-02 22:56:11
EMP009,141,0.69,34.85,2025-12-02 23:21:27
EMP020,609,2.98,432.65,2025-12-03 00:02:25
EMP007,123,0.6,19.55,2025-12-03 00:29:42
EMP022,119,0.58,16.15,2025-12-03 01:03:10
EMP001,178,0.87,66.3,2025-12-03 01:19:08
EMP036,175,0.86,63.75,2025-12-03 01:21:16
EMP008,170,0.83,59.5,2025-12-03 02:08:17
EMP014,222,1.09,103.7,2025-12-03 02:24:39
EMP075,121,0.59,17.85,2025-12-03 04:06:51
EMP008,153,0.75,45.05,2025-12-03 05:53:04
EMP043,151,0.74,43.35,2025-12-03 06:14:18
EMP049,229,1.12,109.65,2025-12-03 06:17:48
EMP034,113,0.55,11.05,2025-12-03 06:43:16
EMP032,155,0.76,46.75,2025-12-03 06:58:46
EMP037,101,0.49,0.85,2025-12-03 08:26:39
EMP044,130,0.64,25.5,2025-12-03 08:32:52
EMP055,118,0.58,15.3,2025-12-03 10:09:55
EMP071,118,0.58,15.3,2025-12-03 10:15:40
EMP046,161,0.79,51.85,2025-12-03 10:34:31
EMP027,164,0.8,54.4,2025-12-03 12:26:33
EMP051,123,0.6,19.55,2025-12-03 13:05:02
EMP040,159,0.78,50.15,2025-12-03 13:20:53
EMP068,171,0.84,60.35,2025-12-03 14:06:24
EMP007,180,0.88,68.0,2025-12-03 15:04:51
EMP028,124,0.61,20.4,2025-12-03 16:58:42
EMP001,102,0.5,1.7,2025-12-03 17:58:14
EMP020,127,0.62,22.95,2025-12-03 18:21:47
EMP066,142,0.69,35.7,2025-12-03 18:46:52
EMP050,122,0.6,18.7,2025-12-03 19:01:08
